Date,Symbol,Open,High,Low,Close,Volume,OpenInt
2020-01-02,AAPL,129.57,129.67,128.68,129.31,18756669,0
2020-01-02,AMZN,3162.1,3166.74,3136.17,3147.85,10684813,0
2020-01-02,GOOGL,2807.75,2827.2,2797.82,2826.33,54302863,0
2020-01-02,MSFT,238.76,241.71,233.35,234.98,76688860,0
2020-01-02,TSLA,700.44,709.59,696.81,704.17,11533225,0
2020-01-03,AAPL,126.5,127.31,123.17,123.66,8999315,0
2020-01-03,AMZN,3133.46,3144.29,3074.89,3084.42,12698469,0
2020-01-03,GOOGL,2733.47,2740.15,2711.94,2720.15,30475673,0
2020-01-03,MSFT,238.93,239.53,238.82,239.27,62527432,0
2020-01-03,TSLA,704.37,714.31,701.57,707.38,12575790,0
2020-01-06,AAPL,125.48,127.02,124.79,126.09,78140807,0
2020-01-06,AMZN,3141.53,3171.94,3123.16,3156.09,26473054,0
2020-01-06,GOOGL,2803.84,2805.91,2791.26,2795.37,33468360,0
2020-01-06,MSFT,242.2,244.99,241.84,243.88,33408562,0
2020-01-06,TSLA,747.79,773.58,734.49,772.25,47802529,0
2020-01-07,AAPL,123.22,124.33,121.43,124.01,26429110,0
2020-01-07,AMZN,3179.98,3198.34,3161.6,3176.33,9670638,0
2020-01-07,GOOGL,2765.68,2783.97,2744.87,2747.34,37691263,0
2020-01-07,MSFT,240.4,241.61,239.74,240.91,61581473,0
2020-01-07,TSLA,741.83,743.67,729.77,733.78,24228089,0
2020-01-08,AAPL,123.13,124.39,119.96,121.83,50176955,0
2020-01-08,AMZN,3199.5,3219.1,3189.38,3211.26,9346684,0
2020-01-08,GOOGL,2808.74,2814.23,2787.6,2806.58,79384510,0
2020-01-08,MSFT,240.89,243.2,240.71,241.72,51970882,0
2020-01-08,TSLA,757.96,762.08,754.38,756.87,79721440,0
2020-01-09,AAPL,124.18,125.58,123.54,125.06,40503389,0
2020-01-09,AMZN,3157.68,3170.03,3132.75,3136.87,15319387,0
2020-01-09,GOOGL,2813.07,2831.24,2806.23,2824.84,24804386,0
2020-01-09,MSFT,241.96,243.03,241.87,242.7,9164775,0
2020-01-09,TSLA,795.9,803.05,784.92,789.36,62337891,0
2020-01-10,AAPL,126.76,129.12,123.94,124.49,55806024,0
2020-01-10,AMZN,3087.47,3103.14,3063.4,3075.09,38502308,0
2020-01-10,GOOGL,2836.17,2841.32,2783.54,2813.3,22447248,0
2020-01-10,MSFT,245.23,245.91,244.72,244.81,21941092,0
2020-01-10,TSLA,783.54,788.36,775.33,782.47,56157708,0
2020-01-13,AAPL,126.69,128.57,125.34,127.28,53537831,0
2020-01-13,AMZN,3085.09,3091.47,3068.81,3083.82,20805613,0
2020-01-13,GOOGL,2752.64,2768.88,2731.39,2744.81,22690330,0
2020-01-13,MSFT,242.87,244.3,242.44,243.03,39392446,0
2020-01-13,TSLA,786.38,789.33,776.13,777.84,55527631,0
2020-01-14,AAPL,123.14,123.76,121.87,122.05,43840994,0
2020-01-14,AMZN,3081.24,3141.36,3066.25,3098.66,43329479,0
2020-01-14,GOOGL,2806.37,2809.95,2797.11,2809.25,28386929,0
2020-01-14,MSFT,243.29,244.85,240.84,242.08,20372341,0
2020-01-14,TSLA,787.87,799.48,783.59,799.24,24374563,0
2020-01-15,AAPL,127.92,128.51,127.0,127.65,65855700,0
2020-01-15,AMZN,3042.33,3044.58,2958.7,2965.64,14939096,0
2020-01-15,GOOGL,2807.49,2821.09,2805.03,2816.56,13530615,0
2020-01-15,MSFT,242.5,243.09,239.86,241.32,46870192,0
2020-01-15,TSLA,814.48,829.01,787.63,793.64,79797762,0
2020-01-16,AAPL,125.77,126.19,124.24,124.69,40833156,0
2020-01-16,AMZN,2873.69,2893.43,2871.73,2887.98,47894344,0
2020-01-16,GOOGL,2756.51,2766.05,2756.09,2761.02,72624084,0
2020-01-16,MSFT,233.55,235.58,229.53,231.55,31619372,0
2020-01-16,TSLA,774.16,774.33,766.93,772.3,15612653,0
2020-01-17,AAPL,123.33,124.48,120.61,121.16,76691040,0
2020-01-17,AMZN,2853.05,2863.68,2818.82,2822.28,45259503,0
2020-01-17,GOOGL,2769.62,2796.69,2746.88,2793.42,74987997,0
2020-01-17,MSFT,236.99,238.79,236.59,238.4,45477742,0
2020-01-17,TSLA,806.53,814.58,792.14,797.43,30566010,0
2020-01-20,AAPL,120.93,122.9,118.17,120.04,79752529,0
2020-01-20,AMZN,2864.49,2881.76,2827.48,2835.96,53518659,0
2020-01-20,GOOGL,2777.4,2838.53,2770.0,2801.22,58904155,0
2020-01-20,MSFT,241.59,244.09,237.02,239.4,10512205,0
2020-01-20,TSLA,815.88,820.33,814.84,818.98,14768947,0
2020-01-21,AAPL,120.54,121.88,120.24,121.84,9308421,0
2020-01-21,AMZN,2813.1,2815.34,2805.44,2812.47,71306502,0
2020-01-21,GOOGL,2786.25,2792.65,2775.2,2789.99,15843514,0
2020-01-21,MSFT,236.97,239.68,235.93,238.7,50799273,0
2020-01-21,TSLA,831.81,848.71,824.23,847.48,69343201,0
2020-01-22,AAPL,122.87,124.69,120.64,121.44,47235350,0
2020-01-22,AMZN,2868.88,2890.13,2851.01,2873.58,79040798,0
2020-01-22,GOOGL,2781.31,2800.54,2770.84,2790.23,78599154,0
2020-01-22,MSFT,242.86,244.31,242.78,243.03,53612055,0
2020-01-22,TSLA,858.62,884.0,846.21,879.69,33428357,0
2020-01-23,AAPL,122.26,124.95,121.4,123.98,24175900,0
2020-01-23,AMZN,2937.65,2984.13,2932.19,2971.67,69245343,0
2020-01-23,GOOGL,2782.16,2789.34,2760.46,2765.5,72853916,0
2020-01-23,MSFT,238.08,238.42,234.01,235.25,75027662,0
2020-01-23,TSLA,926.92,944.42,901.2,917.08,69279671,0
2020-01-24,AAPL,123.77,125.54,123.51,124.89,62503414,0
2020-01-24,AMZN,2895.62,2897.97,2884.7,2889.43,47550733,0
2020-01-24,GOOGL,2752.89,2759.02,2728.35,2747.97,78998961,0
2020-01-24,MSFT,238.35,238.88,236.62,238.01,69893936,0
2020-01-24,TSLA,943.58,945.31,929.9,935.68,37122457,0
2020-01-27,AAPL,127.32,127.92,123.35,126.41,73387461,0
2020-01-27,AMZN,2858.63,2863.91,2828.22,2839.45,78994695,0
2020-01-27,GOOGL,2743.53,2750.75,2729.29,2731.56,50490631,0
2020-01-27,MSFT,230.71,232.41,230.13,231.53,37949803,0
2020-01-27,TSLA,902.94,908.36,892.33,897.38,53219001,0
2020-01-28,AAPL,121.38,121.81,120.98,121.48,26472420,0
2020-01-28,AMZN,2821.24,2835.29,2807.24,2810.26,12437386,0
2020-01-28,GOOGL,2748.06,2749.22,2723.44,2732.46,46946203,0
2020-01-28,MSFT,232.36,233.02,231.01,231.62,67372114,0
2020-01-28,TSLA,890.6,904.39,886.09,899.41,68013937,0
2020-01-29,AAPL,122.3,123.11,120.44,120.78,67820592,0
2020-01-29,AMZN,2836.87,2839.55,2805.59,2813.16,35262109,0
2020-01-29,GOOGL,2715.23,2728.88,2681.18,2700.64,14010480,0
2020-01-29,MSFT,226.24,226.96,223.78,224.98,48622663,0
2020-01-29,TSLA,900.69,902.2,886.96,891.93,11135823,0
2020-01-30,AAPL,112.93,113.02,112.1,112.2,20374874,0
2020-01-30,AMZN,2752.43,2817.12,2736.42,2796.5,38635675,0
2020-01-30,GOOGL,2713.06,2732.85,2705.86,2717.07,55015814,0
2020-01-30,MSFT,226.13,227.71,225.08,227.39,42080140,0
2020-01-30,TSLA,878.86,881.7,872.45,876.15,61046380,0
2020-01-31,AAPL,110.65,110.79,107.68,108.96,19972279,0
2020-01-31,AMZN,2833.78,2889.8,2815.09,2886.91,76602209,0
2020-01-31,GOOGL,2733.96,2745.5,2706.34,2713.31,49244334,0
2020-01-31,MSFT,222.86,223.18,221.2,222.03,59549859,0
2020-01-31,TSLA,872.45,879.77,864.72,878.79,37981324,0
2020-02-03,AAPL,108.48,110.77,108.45,109.33,40351479,0
2020-02-03,AMZN,2940.54,2973.3,2930.83,2958.38,27978158,0
2020-02-03,GOOGL,2695.97,2713.49,2662.37,2680.2,61765623,0
2020-02-03,MSFT,215.31,216.18,213.7,215.55,70876924,0
2020-02-03,TSLA,849.63,851.53,845.38,849.69,70581613,0
2020-02-04,AAPL,114.33,114.76,113.86,113.88,45056581,0
2020-02-04,AMZN,2919.39,2939.89,2873.28,2889.21,10529005,0
2020-02-04,GOOGL,2717.99,2731.93,2694.57,2697.38,52197152,0
2020-02-04,MSFT,214.84,215.3,213.67,214.96,37655866,0
2020-02-04,TSLA,877.71,881.35,874.5,874.72,52268285,0
2020-02-05,AAPL,115.83,116.1,113.5,114.33,26682744,0
2020-02-05,AMZN,2894.13,2912.68,2883.87,2889.32,40521514,0
2020-02-05,GOOGL,2730.51,2749.92,2720.56,2743.13,19524825,0
2020-02-05,MSFT,213.13,217.07,212.88,215.61,62110154,0
2020-02-05,TSLA,890.23,917.53,889.25,904.18,77764376,0
2020-02-06,AAPL,109.28,109.31,108.63,108.64,48507489,0
2020-02-06,AMZN,2844.62,2861.3,2803.75,2813.39,71845536,0
2020-02-06,GOOGL,2716.88,2741.29,2711.27,2734.92,35354559,0
2020-02-06,MSFT,220.67,221.46,219.56,220.62,46154241,0
2020-02-06,TSLA,954.3,965.64,951.05,952.77,14976458,0
2020-02-07,AAPL,107.18,108.93,105.2,107.23,46273847,0
2020-02-07,AMZN,2856.71,2863.9,2829.65,2838.56,37866956,0
2020-02-07,GOOGL,2758.7,2777.85,2723.97,2727.06,79724345,0
2020-02-07,MSFT,220.6,221.82,220.03,221.61,76922443,0
2020-02-07,TSLA,980.73,981.29,969.55,975.71,36062464,0
2020-02-10,AAPL,107.38,108.82,107.23,108.49,70228535,0
2020-02-10,AMZN,2861.6,2863.14,2824.38,2829.4,13041391,0
2020-02-10,GOOGL,2806.49,2817.07,2799.22,2813.1,29215035,0
2020-02-10,MSFT,227.44,228.15,224.68,226.51,42111151,0
2020-02-10,TSLA,986.13,989.79,979.64,988.5,13113477,0
2020-02-11,AAPL,111.83,112.29,107.94,108.04,68791320,0
2020-02-11,AMZN,2854.87,2886.42,2852.14,2874.41,24282885,0
2020-02-11,GOOGL,2804.45,2842.4,2799.83,2833.8,29347841,0
2020-02-11,MSFT,224.77,225.74,219.21,219.36,18492385,0
2020-02-11,TSLA,966.61,971.74,952.0,956.61,70478707,0
2020-02-12,AAPL,109.74,110.95,109.23,109.44,33427073,0
2020-02-12,AMZN,2846.96,2882.7,2820.28,2880.04,58514837,0
2020-02-12,GOOGL,2864.74,2869.46,2844.85,2848.24,9114726,0
2020-02-12,MSFT,221.02,221.67,218.78,219.56,76690398,0
2020-02-12,TSLA,981.14,983.3,980.56,982.36,41875077,0
2020-02-13,AAPL,113.98,114.5,111.57,112.89,58551839,0
2020-02-13,AMZN,2909.53,2936.34,2905.06,2925.38,67608888,0
2020-02-13,GOOGL,2884.32,2904.27,2876.22,2896.05,26127115,0
2020-02-13,MSFT,220.41,221.79,220.07,220.85,21948946,0
2020-02-13,TSLA,966.33,975.61,964.37,964.5,62790557,0
2020-02-14,AAPL,117.23,118.24,116.75,117.16,21240908,0
2020-02-14,AMZN,2960.69,2980.55,2957.32,2977.8,56559717,0
2020-02-14,GOOGL,2857.72,2880.39,2844.32,2878.11,16402740,0
2020-02-14,MSFT,216.52,216.67,213.86,213.97,43163378,0
2020-02-14,TSLA,979.66,981.77,957.4,959.08,24984682,0
2020-02-17,AAPL,117.17,118.85,117.02,117.72,34557077,0
2020-02-17,AMZN,3008.58,3036.9,2984.17,2990.93,48947691,0
2020-02-17,GOOGL,2893.24,2893.33,2883.08,2886.43,15949687,0
2020-02-17,MSFT,209.74,210.31,209.38,210.15,69119726,0
2020-02-17,TSLA,960.66,974.63,955.05,974.54,58270536,0
2020-02-18,AAPL,122.42,122.84,122.3,122.53,9216175,0
2020-02-18,AMZN,3056.7,3059.64,3034.77,3042.16,74085198,0
2020-02-18,GOOGL,2879.29,2916.12,2878.27,2904.82,41663833,0
2020-02-18,MSFT,211.26,213.31,211.18,211.74,12195288,0
2020-02-18,TSLA,1019.04,1035.42,1017.9,1031.09,35314047,0
2020-02-19,AAPL,123.26,123.36,121.49,122.82,33754377,0
2020-02-19,AMZN,2951.66,2967.09,2951.56,2961.23,57780072,0
2020-02-19,GOOGL,2913.82,2937.17,2909.61,2934.3,70314742,0
2020-02-19,MSFT,215.97,219.43,215.81,218.95,38311626,0
2020-02-19,TSLA,1019.5,1053.59,1010.49,1037.35,9252622,0
2020-02-20,AAPL,118.16,119.03,116.78,117.57,37614537,0
2020-02-20,AMZN,2843.92,2846.66,2829.62,2841.91,11783418,0
2020-02-20,GOOGL,2904.67,2910.25,2872.36,2902.14,12352710,0
2020-02-20,MSFT,223.95,227.92,222.64,226.25,35291214,0
2020-02-20,TSLA,1053.61,1060.95,1052.95,1059.02,6268380,0
2020-02-21,AAPL,118.75,118.9,115.71,116.09,62854710,0
2020-02-21,AMZN,2830.03,2870.91,2813.19,2859.8,43352498,0
2020-02-21,GOOGL,2931.75,2933.85,2926.21,2932.47,39295247,0
2020-02-21,MSFT,226.88,227.73,224.4,224.95,62556566,0
2020-02-21,TSLA,1056.59,1061.46,1045.49,1052.62,49462389,0
2020-02-24,AAPL,114.21,115.63,113.98,115.43,18209423,0
2020-02-24,AMZN,2774.89,2800.24,2753.17,2764.92,54093843,0
2020-02-24,GOOGL,2928.13,2947.85,2927.95,2936.71,22339011,0
2020-02-24,MSFT,223.05,227.19,221.8,225.67,32888820,0
2020-02-24,TSLA,1016.44,1022.51,1004.35,1008.5,10711200,0
2020-02-25,AAPL,119.93,120.97,119.52,120.83,30714784,0
2020-02-25,AMZN,2768.66,2782.89,2737.0,2747.26,31126192,0
2020-02-25,GOOGL,2896.87,2935.41,2896.84,2915.53,52535513,0
2020-02-25,MSFT,223.46,224.24,221.92,222.35,79087145,0
2020-02-25,TSLA,1013.96,1038.06,1006.7,1035.31,41385762,0
2020-02-26,AAPL,122.03,124.19,121.69,123.55,38528453,0
2020-02-26,AMZN,2723.14,2748.42,2713.47,2737.26,78800569,0
2020-02-26,GOOGL,2978.14,2995.34,2977.6,2993.37,15450542,0
2020-02-26,MSFT,222.61,224.21,222.12,222.68,44092160,0
2020-02-26,TSLA,1042.84,1055.45,1037.05,1043.97,9416002,0
2020-02-27,AAPL,124.39,125.02,122.31,123.97,18141087,0
2020-02-27,AMZN,2712.15,2781.49,2706.0,2778.61,17976369,0
2020-02-27,GOOGL,3023.05,3037.83,2998.24,3005.59,61061934,0
2020-02-27,MSFT,225.91,226.74,223.58,226.25,14553585,0
2020-02-27,TSLA,1060.71,1082.38,1060.31,1078.31,24353063,0
2020-02-28,AAPL,134.81,137.81,132.78,136.59,36726318,0
2020-02-28,AMZN,2715.66,2757.37,2688.61,2740.42,24363237,0
2020-02-28,GOOGL,2996.83,3020.42,2995.47,3014.12,66753160,0
2020-02-28,MSFT,222.77,223.17,216.95,218.58,31550845,0
2020-02-28,TSLA,1078.76,1080.69,1061.54,1062.97,26803703,0
2020-03-02,AAPL,138.33,140.04,137.44,139.83,12869910,0
2020-03-02,AMZN,2757.31,2786.9,2757.31,2782.79,23392710,0
2020-03-02,GOOGL,3052.87,3070.1,3008.02,3018.67,37657384,0
2020-03-02,MSFT,214.11,216.82,212.01,215.25,24090631,0
2020-03-02,TSLA,1039.16,1044.44,1026.78,1034.1,77553061,0
2020-03-03,AAPL,139.93,141.6,138.62,140.01,66070189,0
2020-03-03,AMZN,2764.37,2771.98,2723.88,2724.81,74190008,0
2020-03-03,GOOGL,2986.12,3011.77,2976.05,2993.08,50568701,0
2020-03-03,MSFT,217.42,218.65,215.55,217.94,43736657,0
2020-03-03,TSLA,1017.61,1043.66,1003.8,1032.23,15526386,0
2020-03-04,AAPL,138.99,141.44,137.43,141.25,70319931,0
2020-03-04,AMZN,2791.32,2837.03,2779.06,2831.4,45162553,0
2020-03-04,GOOGL,3003.89,3047.01,2997.02,3033.82,76216573,0
2020-03-04,MSFT,213.77,215.02,212.62,214.61,41540265,0
2020-03-04,TSLA,978.1,984.17,975.84,977.97,15202996,0
2020-03-05,AAPL,142.67,144.87,142.44,143.71,77772208,0
2020-03-05,AMZN,2786.88,2802.51,2771.05,2772.01,45237208,0
2020-03-05,GOOGL,2957.87,2967.77,2941.76,2955.49,24822594,0
2020-03-05,MSFT,209.94,210.24,209.76,209.93,62985905,0
2020-03-05,TSLA,959.52,979.73,957.83,973.94,48805532,0
2020-03-06,AAPL,146.12,147.58,145.8,146.61,76286543,0
2020-03-06,AMZN,2763.87,2767.7,2758.19,2764.52,60907088,0
2020-03-06,GOOGL,2957.19,2971.64,2943.7,2967.0,15113745,0
2020-03-06,MSFT,209.4,210.25,206.55,206.69,7784407,0
2020-03-06,TSLA,989.65,998.09,989.33,991.13,52756170,0
2020-03-09,AAPL,150.8,154.5,150.52,153.99,14121552,0
2020-03-09,AMZN,2695.04,2698.22,2654.52,2674.88,8576520,0
2020-03-09,GOOGL,2993.63,3038.24,2992.98,3020.66,65251043,0
2020-03-09,MSFT,212.66,212.7,212.31,212.65,28513701,0
2020-03-09,TSLA,972.79,975.92,962.29,969.62,56012496,0
2020-03-10,AAPL,153.0,154.38,150.73,152.02,38046464,0
2020-03-10,AMZN,2645.88,2666.07,2605.83,2635.77,35540334,0
2020-03-10,GOOGL,2990.32,3009.51,2933.36,2957.47,48380275,0
2020-03-10,MSFT,206.94,208.14,206.56,207.48,63503492,0
2020-03-10,TSLA,993.46,1003.4,984.41,1000.58,16010955,0
2020-03-11,AAPL,151.27,152.42,150.42,151.07,75166708,0
2020-03-11,AMZN,2625.12,2634.23,2579.13,2595.82,56028283,0
2020-03-11,GOOGL,2989.81,2992.11,2968.08,2971.29,64352161,0
2020-03-11,MSFT,204.4,205.33,202.06,202.66,49735895,0
2020-03-11,TSLA,998.38,1008.83,994.99,1008.1,57294176,0
2020-03-12,AAPL,150.13,151.58,149.45,151.2,40650176,0
2020-03-12,AMZN,2636.55,2695.98,2630.08,2663.77,19749927,0
2020-03-12,GOOGL,2928.95,2937.16,2900.7,2906.01,14957701,0
2020-03-12,MSFT,201.85,203.36,200.8,202.7,71500726,0
2020-03-12,TSLA,1004.24,1013.73,1004.07,1008.58,53307308,0
2020-03-13,AAPL,147.65,149.25,146.9,149.01,14736572,0
2020-03-13,AMZN,2681.41,2716.18,2674.6,2704.02,32365878,0
2020-03-13,GOOGL,2891.79,2928.19,2884.85,2909.62,15298660,0
2020-03-13,MSFT,200.41,205.68,199.01,205.09,66045700,0
2020-03-13,TSLA,1009.24,1014.68,1001.29,1004.61,79757265,0
2020-03-16,AAPL,153.18,153.68,153.02,153.3,77160068,0
2020-03-16,AMZN,2638.3,2683.11,2625.17,2659.04,13359252,0
2020-03-16,GOOGL,2850.41,2862.3,2804.83,2812.41,56604364,0
2020-03-16,MSFT,207.69,210.03,206.32,208.49,74067939,0
2020-03-16,TSLA,985.33,990.86,980.96,981.88,17490873,0
2020-03-17,AAPL,153.84,156.69,153.08,154.99,37787299,0
2020-03-17,AMZN,2644.11,2688.49,2600.08,2617.94,69205866,0
2020-03-17,GOOGL,2769.13,2780.1,2747.56,2774.3,65362235,0
2020-03-17,MSFT,208.58,209.49,207.51,208.49,12275149,0
2020-03-17,TSLA,953.14,953.76,942.41,943.12,60540647,0
2020-03-18,AAPL,153.79,155.13,152.58,154.43,75993218,0
2020-03-18,AMZN,2579.39,2593.21,2549.91,2576.28,50946354,0
2020-03-18,GOOGL,2812.63,2818.05,2787.05,2800.3,72292380,0
2020-03-18,MSFT,209.94,211.76,208.26,211.69,11927215,0
2020-03-18,TSLA,936.71,950.03,929.13,939.44,37580349,0
2020-03-19,AAPL,159.95,160.5,158.69,160.09,23024248,0
2020-03-19,AMZN,2511.57,2525.31,2486.81,2501.89,40482091,0
2020-03-19,GOOGL,2807.6,2830.58,2793.98,2812.68,51095437,0
2020-03-19,MSFT,213.14,216.72,212.57,215.56,70056916,0
2020-03-19,TSLA,928.47,930.87,923.58,925.81,45417154,0
2020-03-20,AAPL,159.52,162.68,159.0,162.66,42816686,0
2020-03-20,AMZN,2479.24,2479.62,2452.61,2469.86,35181142,0
2020-03-20,GOOGL,2827.28,2829.08,2824.11,2826.47,63754920,0
2020-03-20,MSFT,223.34,227.75,222.78,227.06,26257157,0
2020-03-20,TSLA,924.51,932.49,920.33,930.09,45232066,0
2020-03-23,AAPL,158.89,159.26,156.21,157.43,40431319,0
2020-03-23,AMZN,2589.11,2591.91,2545.23,2566.14,70632882,0
2020-03-23,GOOGL,2869.05,2876.75,2861.48,2867.84,42969333,0
2020-03-23,MSFT,226.81,227.84,226.34,227.12,20228493,0
2020-03-23,TSLA,922.13,922.58,917.62,922.53,71545476,0
2020-03-24,AAPL,155.15,155.39,154.95,155.11,61851377,0
2020-03-24,AMZN,2549.1,2590.11,2539.37,2568.12,41702849,0
2020-03-24,GOOGL,2821.93,2843.05,2818.82,2841.56,49915875,0
2020-03-24,MSFT,225.18,226.12,223.95,225.42,44172995,0
2020-03-24,TSLA,911.56,915.56,904.71,907.89,58108878,0
2020-03-25,AAPL,155.54,155.78,154.73,155.14,40159040,0
2020-03-25,AMZN,2554.3,2610.51,2546.6,2582.85,57953249,0
2020-03-25,GOOGL,2855.84,2862.71,2848.11,2858.98,25182766,0
2020-03-25,MSFT,222.23,223.94,219.24,222.14,37713008,0
2020-03-25,TSLA,894.14,908.03,889.08,906.24,49927535,0
2020-03-26,AAPL,156.85,158.55,155.74,158.23,20015458,0
2020-03-26,AMZN,2629.47,2633.23,2568.07,2578.6,43605090,0
2020-03-26,GOOGL,2835.84,2862.02,2828.28,2855.88,57607710,0
2020-03-26,MSFT,219.99,220.88,218.48,220.29,23321839,0
2020-03-26,TSLA,872.47,885.04,865.92,880.34,45323741,0
2020-03-27,AAPL,163.76,166.11,163.12,165.18,54555330,0
2020-03-27,AMZN,2596.14,2613.66,2584.55,2593.61,69300930,0
2020-03-27,GOOGL,2893.78,2925.28,2886.96,2913.7,49087376,0
2020-03-27,MSFT,222.4,222.71,219.99,221.19,73147397,0
2020-03-27,TSLA,859.5,882.99,854.54,881.41,58450811,0
2020-03-30,AAPL,163.7,164.24,162.73,163.28,10354599,0
2020-03-30,AMZN,2612.55,2655.99,2595.36,2653.69,41456416,0
2020-03-30,GOOGL,2933.85,2942.04,2894.68,2909.81,75651318,0
2020-03-30,MSFT,221.16,221.64,218.9,221.3,70718414,0
2020-03-30,TSLA,897.69,900.05,889.51,896.07,37537638,0
2020-03-31,AAPL,164.94,164.94,163.91,164.33,59543049,0
2020-03-31,AMZN,2694.17,2726.4,2688.95,2717.8,76275182,0
2020-03-31,GOOGL,2953.23,2969.69,2953.12,2967.68,46455302,0
2020-03-31,MSFT,224.18,225.25,222.44,222.55,77937948,0
2020-03-31,TSLA,888.63,897.12,883.06,895.84,31816708,0
2020-04-01,AAPL,169.25,169.84,168.54,168.84,26810617,0
2020-04-01,AMZN,2722.79,2748.75,2715.67,2738.98,68404979,0
2020-04-01,GOOGL,2977.99,3000.46,2974.08,2988.99,35406092,0
2020-04-01,MSFT,215.89,221.43,213.43,219.13,37051937,0
2020-04-01,TSLA,874.82,877.97,861.04,867.94,66957885,0
2020-04-02,AAPL,174.25,174.4,173.7,173.84,49585178,0
2020-04-02,AMZN,2801.31,2841.18,2800.75,2824.12,26198492,0
2020-04-02,GOOGL,3009.3,3014.55,2991.56,3009.3,73140959,0
2020-04-02,MSFT,216.5,216.56,215.51,215.86,68481797,0
2020-04-02,TSLA,880.79,884.13,867.57,878.38,14282319,0
2020-04-03,AAPL,174.46,175.17,171.66,172.95,38308443,0
2020-04-03,AMZN,2736.39,2776.55,2725.75,2765.44,31770527,0
2020-04-03,GOOGL,3017.99,3020.16,2983.11,2985.05,50199748,0
2020-04-03,MSFT,213.83,215.17,209.16,210.32,25415230,0
2020-04-03,TSLA,893.35,899.29,873.37,877.18,45645509,0
2020-04-06,AAPL,172.39,176.43,171.24,175.01,68174945,0
2020-04-06,AMZN,2766.82,2767.86,2743.72,2748.32,17007214,0
2020-04-06,GOOGL,3019.69,3024.67,2999.18,3002.67,29272734,0
2020-04-06,MSFT,209.22,210.84,209.2,209.24,18470708,0
2020-04-06,TSLA,878.65,895.58,868.32,893.29,14927432,0
2020-04-07,AAPL,175.96,179.42,175.77,178.68,35547349,0
2020-04-07,AMZN,2729.48,2731.35,2689.86,2716.11,10006085,0
2020-04-07,GOOGL,3032.07,3034.36,2999.97,3005.86,63743530,0
2020-04-07,MSFT,212.27,213.58,210.52,210.74,24348212,0
2020-04-07,TSLA,867.66,878.36,863.99,871.91,61143368,0
2020-04-08,AAPL,179.43,182.18,179.0,181.6,14317495,0
2020-04-08,AMZN,2739.98,2746.18,2727.08,2732.74,9877451,0
2020-04-08,GOOGL,3037.93,3047.72,3010.68,3042.45,43242379,0
2020-04-08,MSFT,205.81,208.13,204.7,207.37,40570755,0
2020-04-08,TSLA,837.86,845.96,823.22,833.07,77062301,0
2020-04-09,AAPL,183.97,184.54,183.01,183.72,76969657,0
2020-04-09,AMZN,2777.99,2809.69,2776.67,2777.59,43851599,0
2020-04-09,GOOGL,3043.37,3044.15,3005.03,3012.75,67950208,0
2020-04-09,MSFT,204.12,208.11,202.22,206.73,76621574,0
2020-04-09,TSLA,796.21,799.71,781.0,783.88,52648477,0
2020-04-10,AAPL,183.37,184.18,182.88,183.68,40630292,0
2020-04-10,AMZN,2781.98,2787.83,2777.17,2779.83,49968591,0
2020-04-10,GOOGL,3031.68,3037.62,3012.87,3025.16,64135982,0
2020-04-10,MSFT,204.19,205.78,202.2,205.38,77613940,0
2020-04-10,TSLA,797.7,817.57,794.36,809.61,58635785,0
2020-04-13,AAPL,187.61,188.98,186.31,188.09,63571795,0
2020-04-13,AMZN,2750.68,2831.91,2746.45,2816.73,23012011,0
2020-04-13,GOOGL,2997.51,3010.39,2988.82,3000.91,26751079,0
2020-04-13,MSFT,206.85,208.86,204.87,207.02,35532691,0
2020-04-13,TSLA,827.17,827.98,822.59,825.31,18234748,0
2020-04-14,AAPL,185.27,186.16,183.38,184.16,39188276,0
2020-04-14,AMZN,2846.72,2849.04,2820.19,2826.37,26809610,0
2020-04-14,GOOGL,3026.58,3031.72,2991.77,2997.86,69503785,0
2020-04-14,MSFT,206.93,208.32,203.81,204.8,18489853,0
2020-04-14,TSLA,824.0,843.79,823.07,835.94,34666377,0
2020-04-15,AAPL,187.25,189.31,187.05,187.69,31445607,0
2020-04-15,AMZN,2818.67,2819.12,2784.14,2786.37,50246430,0
2020-04-15,GOOGL,3029.16,3045.39,3001.14,3013.34,21733967,0
2020-04-15,MSFT,199.03,200.4,198.82,200.1,12532195,0
2020-04-15,TSLA,817.16,821.61,809.24,820.49,72171380,0
2020-04-16,AAPL,186.94,187.78,186.25,187.37,47133044,0
2020-04-16,AMZN,2801.14,2801.52,2764.57,2772.95,59423996,0
2020-04-16,GOOGL,3000.36,3032.59,2977.8,3029.34,24776801,0
2020-04-16,MSFT,199.06,201.83,197.89,200.93,29166826,0
2020-04-16,TSLA,861.21,894.5,860.67,889.51,16523236,0
2020-04-17,AAPL,186.57,187.44,185.28,185.91,59813568,0
2020-04-17,AMZN,2798.14,2815.31,2763.76,2774.17,29800912,0
2020-04-17,GOOGL,3036.82,3053.18,3019.81,3030.12,51920514,0
2020-04-17,MSFT,201.71,203.57,200.5,202.42,37323627,0
2020-04-17,TSLA,924.96,944.06,920.93,940.8,66113711,0
2020-04-20,AAPL,183.77,186.38,183.57,185.83,55888017,0
2020-04-20,AMZN,2825.1,2826.55,2821.54,2822.16,56482483,0
2020-04-20,GOOGL,3062.95,3071.04,3049.13,3055.28,56830338,0
2020-04-20,MSFT,197.13,197.36,195.43,197.17,66682508,0
2020-04-20,TSLA,945.99,947.56,931.92,934.14,65726434,0
2020-04-21,AAPL,182.97,183.54,179.55,180.06,78542887,0
2020-04-21,AMZN,2829.0,2877.48,2825.74,2866.51,6534878,0
2020-04-21,GOOGL,3089.19,3113.08,3084.33,3088.61,50001909,0
2020-04-21,MSFT,197.15,198.29,194.72,197.42,78363160,0
2020-04-21,TSLA,927.05,935.82,924.29,934.72,51047142,0
2020-04-22,AAPL,181.34,181.73,178.71,180.24,48251559,0
2020-04-22,AMZN,2863.43,2886.33,2843.46,2884.61,67464258,0
2020-04-22,GOOGL,3093.51,3098.05,3065.08,3084.31,23628439,0
2020-04-22,MSFT,199.78,202.49,198.46,201.59,61949781,0
2020-04-22,TSLA,916.73,925.57,889.87,904.68,37737441,0
2020-04-23,AAPL,177.08,177.66,176.09,177.43,27775593,0
2020-04-23,AMZN,2868.58,2918.75,2868.13,2890.08,46738753,0
2020-04-23,GOOGL,3086.5,3103.59,3051.71,3066.84,7550658,0
2020-04-23,MSFT,199.97,201.45,193.55,197.91,69855088,0
2020-04-23,TSLA,879.47,882.55,872.68,878.2,67015859,0
2020-04-24,AAPL,176.1,176.74,174.0,175.07,17534217,0
2020-04-24,AMZN,2866.55,2878.58,2831.97,2836.68,34641883,0
2020-04-24,GOOGL,3064.37,3113.71,3059.26,3097.57,75836292,0
2020-04-24,MSFT,200.98,202.84,200.2,202.2,44625201,0
2020-04-24,TSLA,880.52,894.08,872.66,890.64,63000104,0
2020-04-27,AAPL,177.16,177.46,174.32,174.89,31726767,0
2020-04-27,AMZN,2841.32,2865.94,2822.93,2853.14,55147077,0
2020-04-27,GOOGL,3043.92,3058.38,3038.58,3057.96,37002808,0
2020-04-27,MSFT,209.66,210.3,209.57,210.18,11582607,0
2020-04-27,TSLA,864.72,879.57,860.33,874.7,62653606,0
2020-04-28,AAPL,175.44,177.04,175.32,175.81,14774839,0
2020-04-28,AMZN,2804.09,2834.9,2801.03,2818.42,34314711,0
2020-04-28,GOOGL,3003.48,3023.4,3002.12,3018.49,72085942,0
2020-04-28,MSFT,215.78,217.07,211.77,214.02,35885967,0
2020-04-28,TSLA,850.78,863.57,841.14,860.82,13397164,0
2020-04-29,AAPL,169.8,171.93,169.14,170.66,56536717,0
2020-04-29,AMZN,2823.48,2843.06,2776.14,2789.59,75532309,0
2020-04-29,GOOGL,3013.26,3021.04,3010.69,3011.44,24270557,0
2020-04-29,MSFT,211.1,212.19,208.68,209.94,23358198,0
2020-04-29,TSLA,829.12,834.69,819.43,820.75,31450861,0
2020-04-30,AAPL,168.42,168.51,168.34,168.46,19305904,0
2020-04-30,AMZN,2723.29,2750.17,2715.09,2734.82,13289024,0
2020-04-30,GOOGL,3010.94,3020.11,3000.04,3011.89,30140847,0
2020-04-30,MSFT,203.95,204.58,200.01,200.83,64166287,0
2020-04-30,TSLA,805.7,812.54,800.12,807.76,47064387,0
2020-05-01,AAPL,168.83,169.29,166.48,167.79,67350830,0
2020-05-01,AMZN,2780.98,2785.94,2722.23,2738.22,27083803,0
2020-05-01,GOOGL,3004.3,3008.18,2997.32,2997.94,75606503,0
2020-05-01,MSFT,204.56,206.74,202.63,204.96,48851498,0
2020-05-01,TSLA,785.21,789.95,774.46,777.34,66453007,0
2020-05-04,AAPL,169.95,170.88,169.14,170.3,67363359,0
2020-05-04,AMZN,2712.51,2743.38,2706.4,2736.56,70609379,0
2020-05-04,GOOGL,2938.79,2940.92,2930.28,2930.38,68100462,0
2020-05-04,MSFT,204.92,205.93,202.58,203.68,54104566,0
2020-05-04,TSLA,750.2,751.58,733.02,737.87,16375216,0
2020-05-05,AAPL,165.89,167.71,160.78,162.02,64401199,0
2020-05-05,AMZN,2781.8,2801.69,2767.96,2796.34,73886959,0
2020-05-05,GOOGL,2963.71,2980.57,2951.26,2968.39,52928328,0
2020-05-05,MSFT,195.0,195.45,193.34,194.15,69672520,0
2020-05-05,TSLA,729.72,729.93,719.09,722.07,55104292,0
2020-05-06,AAPL,158.39,160.09,156.79,156.84,78534128,0
2020-05-06,AMZN,2746.36,2779.87,2739.07,2761.05,46361818,0
2020-05-06,GOOGL,2976.1,2977.68,2945.79,2960.48,49629892,0
2020-05-06,MSFT,197.43,198.92,195.51,197.09,67858374,0
2020-05-06,TSLA,713.75,716.6,700.93,702.54,56500679,0
2020-05-07,AAPL,155.17,156.09,154.42,155.46,38183955,0
2020-05-07,AMZN,2753.5,2762.56,2710.81,2731.23,14801857,0
2020-05-07,GOOGL,2982.3,3002.39,2969.51,2994.43,67360629,0
2020-05-07,MSFT,199.23,201.56,198.48,198.98,58339667,0
2020-05-07,TSLA,682.09,700.55,678.96,687.46,28251181,0
2020-05-08,AAPL,156.75,156.93,154.71,155.73,37111036,0
2020-05-08,AMZN,2770.93,2816.58,2754.05,2776.74,14263592,0
2020-05-08,GOOGL,3034.08,3036.41,3026.53,3031.68,66428713,0
2020-05-08,MSFT,206.06,207.47,203.73,205.32,6868130,0
2020-05-08,TSLA,665.63,668.95,657.69,661.71,65532325,0
2020-05-11,AAPL,155.54,156.3,154.84,156.14,47910691,0
2020-05-11,AMZN,2827.41,2829.37,2816.93,2825.2,23176954,0
2020-05-11,GOOGL,3054.53,3062.82,3033.38,3057.23,47358553,0
2020-05-11,MSFT,205.13,207.5,203.66,206.15,40186708,0
2020-05-11,TSLA,632.4,638.99,616.68,618.74,31189702,0
2020-05-12,AAPL,157.1,157.62,156.0,156.72,25509175,0
2020-05-12,AMZN,2837.57,2846.15,2764.4,2775.59,56335545,0
2020-05-12,GOOGL,3095.72,3108.83,3086.26,3087.16,38999198,0
2020-05-12,MSFT,199.74,200.27,197.65,197.86,36383044,0
2020-05-12,TSLA,639.27,646.28,615.4,615.64,70998330,0
2020-05-13,AAPL,156.42,157.36,155.27,155.89,60804273,0
2020-05-13,AMZN,2680.37,2700.3,2676.53,2696.33,77383656,0
2020-05-13,GOOGL,3136.33,3146.79,3115.96,3142.09,11416148,0
2020-05-13,MSFT,192.39,193.89,192.02,192.89,34711402,0
2020-05-13,TSLA,582.61,594.78,582.43,592.29,9142053,0
2020-05-14,AAPL,161.14,163.41,160.15,162.22,7621534,0
2020-05-14,AMZN,2756.21,2820.5,2727.43,2789.32,57755436,0
2020-05-14,GOOGL,3163.0,3170.14,3144.17,3151.26,58690013,0
2020-05-14,MSFT,189.48,191.3,186.79,187.21,59800542,0
2020-05-14,TSLA,596.3,600.49,588.66,589.53,43744673,0
2020-05-15,AAPL,165.4,165.47,163.33,163.4,52212267,0
2020-05-15,AMZN,2717.91,2718.1,2710.26,2711.37,8051483,0
2020-05-15,GOOGL,3148.14,3169.58,3092.54,3111.05,71599269,0
2020-05-15,MSFT,188.12,192.4,187.2,188.53,20585427,0
2020-05-15,TSLA,600.4,610.51,590.19,610.03,78782999,0
2020-05-18,AAPL,162.5,165.25,161.42,163.92,77238741,0
2020-05-18,AMZN,2761.09,2763.83,2743.79,2757.71,55905625,0
2020-05-18,GOOGL,3099.13,3101.55,3075.57,3083.48,16087928,0
2020-05-18,MSFT,195.38,198.65,194.39,197.78,77503409,0
2020-05-18,TSLA,584.01,584.85,575.67,583.13,54239353,0
2020-05-19,AAPL,163.86,164.37,161.59,161.97,34450273,0
2020-05-19,AMZN,2772.8,2778.96,2748.68,2757.6,20145751,0
2020-05-19,GOOGL,3081.44,3097.05,3062.7,3074.42,78212334,0
2020-05-19,MSFT,192.03,194.33,191.0,193.63,18290458,0
2020-05-19,TSLA,550.67,551.08,539.82,546.28,34332201,0
2020-05-20,AAPL,161.47,164.2,160.61,163.18,59266464,0
2020-05-20,AMZN,2822.37,2852.79,2801.43,2829.02,7099943,0
2020-05-20,GOOGL,3070.0,3081.97,3062.24,3077.84,64849800,0
2020-05-20,MSFT,196.41,197.31,193.66,194.02,54731689,0
2020-05-20,TSLA,555.56,560.39,546.49,555.26,44957816,0
